chem_1,chem_2,chem_3,chem_4,chem_5,chem_6,chem_7,chem_8,chem_9,chem_10,chem_11,chem_12,chem_13,chem_14,chem_15,chem_16
0.7965429868602331,0.18343478986616382,0.7796910002727695,0.5968501579464871,0.44583275285359125,0.09997491581800291,0.45924889196586727,0.3337086111390219,0.1428668179219408,0.650888472948853,0.05641157902710027,0.7219987722668249,0.9385527090157504,0.0007787658410143285,0.9922115592912177,0.6174815096277166
