chem_1,chem_2,chem_3,chem_4,chem_5,chem_6,chem_7,chem_8,chem_9,chem_10,chem_11,chem_12,chem_13,chem_14,chem_15
0.0,0.17002264898545896,0.34929978662012845,1.0,0.27409509369703106,0.3615460707109135,0.6673345173650235,0.5413301556886336,1.0,0.2501216039799226,0.0,0.6475994963877203,1.0,0.38739998750870164,0.5285048296681227
