Tryptone,Yeast Extract,Glycerol,Glucose,NaCl,MgSO₄,KCl,(NH₄)₂SO₄,K₂HPO₄,KH₂PO₄,MOPS,CaCl₂,Trace Metals,HCl,NaOH,growth rate,cell_dilution
0,0.0,0.0,10.0,15.0,0.25,0.0,5.0,1.0,1.0,0,0.01,Yes,0,0,3.1399999999999997,1.0
0,0.0,0.0,10.0,15.0,0.25,0.0,5.0,1.0,1.0,0,0.01,Yes,0,0,0.6285714285714287,1.0
0,0.0,0.0,0.0,17.0,0.5,0.0,5.0,2.0,2.0,0,0.02,Yes,0,0,17.0,1.0
0,0.0,0.0,0.0,17.0,0.5,0.0,5.0,2.0,2.0,0,0.02,Yes,0,0,12.333333333333334,1.0
0,0.0,0.0,10.0,15.0,0.5,0.0,5.0,2.0,2.0,10,0.02,Yes,0,0,0.02546296296296296,1.0
0,0.0,0.0,42.5,15.0,0.25,0.0,5.0,1.0,1.0,0,0.01,Yes,0,0,37.0,1.0
